tier,group,tJX_grp
individual,Pen_2,0.09298525159321129
individual,Pen_3,0.060034241743046765
individual,Pen_4,0.05627710850386656
individual,Pen_5,0.1018127464227365
