tier,group,tJX_grp
individual,Pen_2,0.0935734874819115
individual,Pen_3,0.060119493004723766
individual,Pen_4,0.056386397553186696
individual,Pen_5,0.10184067665453363
