tier,group,tJX_grp
individual,Pen_2,0.09357348748191151
individual,Pen_3,0.06011949314681344
individual,Pen_4,0.056386397589390944
individual,Pen_5,0.10184067665453363
