group_id,tier_sample,tJX_grp
Pen_2,PT424401157,0.09300914495829189
Pen_3,PT333842562,0.060015068381550116
Pen_4,PT224401177,0.05626002123547125
Pen_5,PT033634130,0.10182862044783818
