tier,group,tJX_grp
individual,Pen_2,0.07981639671588275
individual,Pen_3,0.05838057704004488
individual,Pen_4,0.05495690948439307
individual,Pen_5,0.10111973823079078
