entity,p_Am,kap_X,p_M,v,kap,E_G,E_Hb,E_Hx,E_Hp,h_a,t_0,del_M,p_Am_f,E_Hp_f
male,2124.371378681546,0.21713680397830953,25.584244825527605,0.35026158502519045,0.9732603650127476,7834.906339035637,4545964.929101762,40024979.13168743,63197525.47471765,1.5698265143968423e-14,237.04630667634297,0.5475870793118289,1909.5358189495355,53842435.535690635
