tier_sample,estim_time,tW,tJX_grp
male,75.851558,0.03575493849288196,0.1013448706641687
