tier_sample,p_Am,kap_X,p_M,v,kap,E_G,E_Hb,E_Hx,E_Hp,h_a,t_0,del_M,p_Am_f,E_Hp_f
male,4351.3793160766545,0.20210654757522778,77.38870485312222,0.12228562720606667,0.9758577038694498,7852.85903545736,2098509.779034093,27502702.96809911,44884919.525291935,3.7131466156065974e-11,195.7265365352592,0.37068513407998316,3910.970141548972,39733241.992800124
