group_id,tier_sample,tJX_grp
Pen_2,male,0.13350607455639327
Pen_3,male,0.07658311809358087
Pen_4,male,0.08849583485989403
Pen_5,male,0.10679445514680666
