tier,group,tJX_grp
individual,Pen_2,0.1347234399494142
individual,Pen_3,0.07634307207357165
individual,Pen_4,0.08793760669841963
individual,Pen_5,0.10710453211616996
