tier,group,tJX_grp
individual,Pen_2,0.13492467098609978
individual,Pen_3,0.07632368374365994
individual,Pen_4,0.08785140473029211
individual,Pen_5,0.10713048668460426
