tier,group,tJX_grp
individual,Pen_2,0.1347754296752119
individual,Pen_3,0.07633091083881086
individual,Pen_4,0.08790992523802112
individual,Pen_5,0.10711541471141206
