{
  "elapsed_duration_seconds": 211.890716,
  "mean_entity_errors_by_tier": {
    "breed": null,
    "diet": 0.06418989399570002,
    "individual": 0.037986646181175435
  },
  "mean_estimated_parameters": {
    "E_G": 7842.928657249617,
    "E_Hb": 1844728.4587742193,
    "E_Hp": 42297806.84664963,
    "E_Hp_f": 38607681.832724124,
    "E_Hx": 25929790.623161554,
    "del_M": 0.33193278691604755,
    "h_a": 4.566181192807963e-11,
    "kap": 0.9760780022256426,
    "kap_P": 0.237748865046146,
    "kap_X": 0.19809791018954082,
    "p_Am": 5329.283988824585,
    "p_Am_f": 4812.205856240702,
    "p_M": 106.21436801850018,
    "t_0": 188.33474202154844,
    "v": 0.10212011658426079
  },
  "mean_group_errors_by_tier": {
    "breed": null,
    "diet": null,
    "individual": 0.10155756153616402
  },
  "n_tier_entities": 1,
  "n_tier_groups": 0,
  "species_name": "Bos_taurus_Angus",
  "tier_name": "breed",
  "tier_parameters": [
    "p_Am",
    "kap_X",
    "kap_P",
    "p_M",
    "v",
    "kap",
    "E_G",
    "E_Hb",
    "E_Hx",
    "E_Hp",
    "h_a",
    "t_0",
    "del_M",
    "p_Am_f",
    "E_Hp_f"
  ]
}