group_id,tier_sample,tJX_grp
Pen_2,TMR,0.09809544059916323
Pen_3,CTRL,0.06170516210029535
Pen_4,CTRL,0.05665998791200226
Pen_5,TMR,0.10310582870977011
