tier_sample,p_Am,kap_X
CTRL,4724.844122678538,0.20064682400851097
TMR,4545.209098166135,0.22337822221306397
