entity,p_Am,kap_X,kap_P
CTRL,2336.7622667211635,0.21889793801136814,0.21546747771756924
TMR,2243.270339476187,0.2410477191416388,0.26358197511630854
