tier,group,tJX_grp
individual,Pen_2,0.09847965566068333
individual,Pen_3,0.0618531608903665
individual,Pen_4,0.05672763336147463
individual,Pen_5,0.10304374931230506
