tier_sample,estim_time,tW,tJX_grp
CTRL,2.536409,0.031159654273201786,0.059182575006148805
TMR,0.838846,0.023800260571800423,0.10060063465446667
