entity,p_Am,kap_X
CTRL,2308.9050612470874,0.22029769232546206
TMR,2216.5549523042755,0.2424935228887613
