tier,group,tJX_grp
individual,Pen_2,0.09846985309937158
individual,Pen_3,0.0618522626579713
individual,Pen_4,0.0567279751504147
individual,Pen_5,0.10304344994554535
