tier,group,tJX_grp
individual,Pen_2,0.09846985309937159
individual,Pen_3,0.06185226265797128
individual,Pen_4,0.05672797515041468
individual,Pen_5,0.10304344994554533
