tier,group,tJX_grp
individual,Pen_2,0.09812683644472363
individual,Pen_3,0.061733426249026405
individual,Pen_4,0.05668072032951155
individual,Pen_5,0.10309196853651022
