entity,p_Am,kap_X,kap_P
CTRL,5809.310086107758,0.196993616023738,0.21544239001951193
TMR,5588.926425728412,0.21959189993722267,0.26355653055295153
