entity,p_Am,kap_X,kap_P
CTRL,2336.7622667211635,0.21889793801136814,0.2154674777175692
TMR,2243.270339476187,0.2410477191416388,0.2635819751163079
