{
  "elapsed_duration_seconds": 11.429886,
  "mean_entity_errors_by_tier": {
    "diet": 0.028392184182882543,
    "individual": 0.02724079585205061
  },
  "mean_estimated_parameters": {
    "kap_P": 0.23949946028623173,
    "kap_X": 0.20829275798048033,
    "p_Am": 5699.118255918085
  },
  "mean_group_errors_by_tier": {
    "diet": null,
    "individual": 0.07990823788994295
  },
  "n_tier_entities": 2,
  "n_tier_groups": 0,
  "species_name": "Bos_taurus_Angus",
  "tier_name": "diet",
  "tier_parameters": [
    "p_Am",
    "kap_X",
    "kap_P"
  ]
}